{"Verts": [-0.691298,1.69722,-0.691298,-0.691298,1.69722,0.691298,0.691298,1.69722,0.691298,0.691298,1.69722,-0.691298,-0.691298,0.314619,-0.691298,-0.691298,1.69722,-0.691298,0.691298,1.69722,-0.691298,0.691298,0.314619,-0.691299,0.691298,0.314619,-0.691299,0.691298,1.69722,-0.691298,0.691298,1.69722,0.691298,0.691298,0.314619,0.691298,0.691298,0.314619,0.691298,0.691298,1.69722,0.691298,-0.691298,1.69722,0.691298,-0.691298,0.314619,0.691298,-0.691298,1.69722,-0.691298,-0.691298,0.314619,-0.691298,-0.691298,0.314619,0.691298,-0.691298,1.69722,0.691298,0.691298,0.314619,0.691298,-0.691298,0.314619,0.691298,-0.626963,0.314619,0.455345,0.626963,0.314619,0.455345,0.691298,0.314619,-0.691299,0.626962,0.314619,-0.455345,-0.691298,0.314619,-0.691298,-0.626963,0.314619,-0.455345,-0.626963,0.314619,-0.455345,0.626962,0.314619,-0.455345,0.626962,-0.64872,-0.455345,-0.626963,-0.648723,-0.455345,-0.626963,0.314619,0.455345,-0.626963,0.314619,-0.455345,-0.626963,-0.648723,-0.455345,-0.626963,-0.648723,0.455345,0.626962,0.314619,-0.455345,0.626963,0.314619,0.455345,0.626963,-0.64872,0.455345,0.626962,-0.64872,-0.455345,0.626963,0.314619,0.455345,-0.626963,0.314619,0.455345,-0.626963,-0.648723,0.455345,0.626963,-0.64872,0.455345,-0.626963,-0.648723,-0.455345,0.626962,-0.64872,-0.455345,0.626963,-0.64872,0.455345,-0.626963,-0.648723,0.455345],"Normals": [0,1,0,0,1,0,0,1,0,0,1,0,-0,0,-1,-0,0,-1,-0,0,-1,-0,0,-1,1,-0,-0,1,-0,-0,1,-0,-0,1,-0,-0,0,-0,1,0,-0,1,0,-0,1,0,-0,1,-1,0,0,-1,0,0,-1,0,0,-1,0,0,0,-1,0,0,-1,0,0,-1,0,0,-1,0,0,-1,0,0,-1,0,0,-1,0,0,-1,0,-1e-006,0,-1,-1e-006,0,-1,-1e-006,0,-1,-1e-006,0,-1,-1,0,0,-1,0,0,-1,0,0,-1,0,0,1,0,-1e-006,1,0,-1e-006,1,0,-1e-006,1,0,-1e-006,0,-0,1,0,-0,1,0,-0,1,0,-0,1,0,-1,0,0,-1,0,0,-1,0,0,-1,0],"Textures": [0.893867,0.000911,0.892956,0.297956,0.595911,0.297045,0.596822,0,0.297044,0.297956,0.297956,0.595,0.000911,0.595911,0,0.298867,0.298867,0.595911,0.297956,0.298867,0.595,0.297956,0.595911,0.595,0.297956,0.297044,0.000911,0.297956,0,0.000911,0.297044,0,0.595911,0.298867,0.892956,0.297956,0.893867,0.595,0.596823,0.595911,0.595911,0.297044,0.298867,0.297956,0.312534,0.24722,0.581934,0.246393,0.595,0,0.581333,0.050736,0.297956,0.000911,0.311933,0.051562,0.298782,0.865946,0.297956,0.596546,0.504925,0.595911,0.505752,0.865311,0.803707,0.804081,0.999365,0.803481,1,1.01045,0.804342,1.01105,0.803707,0.596512,0.999365,0.595911,1,0.802881,0.804342,0.803481,0.596738,0.865946,0.595911,0.596546,0.802881,0.595911,0.803707,0.865311,0.297129,0.595911,0.297956,0.865311,0.102298,0.865912,0.101472,0.596512],"Textures": [0.893867,0.000911,0.892956,0.297956,0.595911,0.297045,0.596822,0,0.297044,0.297956,0.297956,0.595,0.000911,0.595911,0,0.298867,0.298867,0.595911,0.297956,0.298867,0.595,0.297956,0.595911,0.595,0.297956,0.297044,0.000911,0.297956,0,0.000911,0.297044,0,0.595911,0.298867,0.892956,0.297956,0.893867,0.595,0.596823,0.595911,0.595911,0.297044,0.298867,0.297956,0.312534,0.24722,0.581934,0.246393,0.595,0,0.581333,0.050736,0.297956,0.000911,0.311933,0.051562,0.298782,0.865946,0.297956,0.596546,0.504925,0.595911,0.505752,0.865311,0.803707,0.804081,0.999365,0.803481,1,1.01045,0.804342,1.01105,0.803707,0.596512,0.999365,0.595911,1,0.802881,0.804342,0.803481,0.596738,0.865946,0.595911,0.596546,0.802881,0.595911,0.803707,0.865311,0.297129,0.595911,0.297956,0.865311,0.102298,0.865912,0.101472,0.596512],"Faces": [0,1,2,0,2,3,4,5,6,4,6,7,8,9,10,8,10,11,12,13,14,12,14,15,16,17,18,16,18,19,20,21,22,20,22,23,24,20,23,24,23,25,21,26,27,21,27,22,26,24,25,26,25,27,28,29,30,28,30,31,32,33,34,32,34,35,36,37,38,36,38,39,40,41,42,40,42,43,44,45,46,44,46,47]}