{"Verts": [1,-1,-1,1,-1,1,-1,-1,1,-1,-1,-1,1,1,-0.999999,-1,1,-1,-1,1,1,0.999999,1,1,1,-1,-1,1,1,-0.999999,0.999999,1,1,1,-1,1,1,-1,1,0.999999,1,1,-1,1,1,-1,-1,1,-1,-1,1,-1,1,1,-1,1,-1,-1,-1,-1,1,1,-0.999999,1,-1,-1,-1,-1,-1,-1,1,-1],"Normals": [0,-1,0,0,-1,0,0,-1,0,0,-1,0,0,1,0,0,1,0,0,1,0,0,1,0,1,0,0,1,0,0,1,0,0,1,0,0,-0,-0,1,-0,-0,1,-0,-0,1,-0,-0,1,-1,-0,-0,-1,-0,-0,-1,-0,-0,-1,-0,-0,0,0,-1,0,0,-1,0,0,-1,0,0,-1],"Textures": [0.665647,0.333333,0.666667,0.665647,0.334353,0.666667,0.333333,0.334353,1,0.334353,0.99898,0.666667,0.666667,0.665647,0.667686,0.333333,0.998981,0,1,0.332314,0.667686,0.333333,0.666667,0.001019,0.334353,0.333333,0.333333,0.00102,0.665647,0,0.666667,0.332314,0.332314,0.333333,0.333333,0.665647,0.00102,0.666667,0,0.334353,0.332314,0,0.333333,0.332314,0.00102,0.333333,0,0.00102],"Textures": [0.665647,0.333333,0.666667,0.665647,0.334353,0.666667,0.333333,0.334353,1,0.334353,0.99898,0.666667,0.666667,0.665647,0.667686,0.333333,0.998981,0,1,0.332314,0.667686,0.333333,0.666667,0.001019,0.334353,0.333333,0.333333,0.00102,0.665647,0,0.666667,0.332314,0.332314,0.333333,0.333333,0.665647,0.00102,0.666667,0,0.334353,0.332314,0,0.333333,0.332314,0.00102,0.333333,0,0.00102],"Faces": [0,1,2,0,2,3,4,5,6,4,6,7,8,9,10,8,10,11,12,13,14,12,14,15,16,17,18,16,18,19,20,21,22,20,22,23]}